Train_Size,Accuracy,Precision,Recall,F1-Score
8000,0.8985,0.8922157594349683,0.8925102533842729,0.892353249113039
16000,0.92575,0.9219741778311512,0.9205566615050016,0.921219342770256
24000,0.9335,0.9296111972109504,0.9281984157005132,0.9288596795941012
32000,0.934625,0.9308152913891563,0.9305663564723154,0.9306476295086917
38963,0.939123293296376,0.9351409578644172,0.9346036370809836,0.9348450966605556
