Train_Size,Accuracy,Precision,Recall,F1-Score
8000,0.8855,0.8830172808694142,0.8737133343585607,0.8772096858910007
16000,0.916,0.9161307825759352,0.907311405281475,0.910894961549824
24000,0.9175,0.9168788570854036,0.9082322324296724,0.9117212362421012
32000,0.91975,0.9177749787631444,0.912729365009858,0.9149447973994174
38963,0.9242377579303973,0.9222052209491404,0.9168633653179771,0.9191841654974766
